Customer,frequency,recency,T,monetary_value,probability_alive,pred_num_txn
ABSCO Alarms Inc.,0.0,0.0,1428.0,0.0,1.0,0.0
AGC Apprenticeship & Training,0.0,0.0,177.0,0.0,1.0,0.0
Aberdeen School District 5,5.0,411.0,2185.0,4713.95,0.002115051430890663,0.0
Abraham Lincoln Elem School,0.0,0.0,1311.0,0.0,1.0,0.0
Abraham Lincoln Elementary School,0.0,0.0,1583.0,0.0,1.0,0.0
Academy Of Arts Careers & Tech,8.0,1343.0,2072.0,1985.4125,0.2493505865173502,0.0
Aces Alternative High School,1.0,392.0,1347.0,2595.0,0.4875849288757354,0.0
Adelaide Elementary School,1.0,34.0,1952.0,1102.0,0.07363286511405413,0.0
Adolfo Camarillo High School,1.0,48.0,1563.0,350.0,0.11202862881700726,0.0
Adult Education,0.0,0.0,1127.0,0.0,1.0,0.0
Agnes Risley Elementary School,8.0,1500.0,2109.0,15402.0,0.40934367684940914,0.0
Aki Kurose Middle School,1.0,51.0,471.0,500.0,0.38370604038790584,0.0
Alaska Airlines,8.0,1758.0,2138.0,2501.1575000000003,0.6885940668401356,0.0
Alaska Works Partnership,1.0,115.0,1648.0,1599.0,0.17274756882966866,0.0
Albert Einstein Elem School,1.0,602.0,1660.0,600.0,0.547169232886897,0.0
Alcott Elementary,4.0,589.0,2072.0,4020.0,0.040151503157564834,0.0
Alderwood Middle School,0.0,0.0,1185.0,0.0,1.0,0.0
Alexander Graham Bell Elem Sch,2.0,1093.0,1220.0,2975.0,0.8108602305278833,0.0
Alice Maxwell Elementary School,10.0,2044.0,2138.0,1010.4,0.8883502356543367,0.0
Alice Smith Elementary School,9.0,1889.0,1996.0,1557.5555555555557,0.8759229159972611,0.0
Allen Creek Elementary School,1.0,1547.0,2157.0,489.99,0.7454028734646533,0.0
Alliance Jack H. Skirball Middle School,0.0,0.0,1689.0,0.0,1.0,0.0
Alturas Elementary School,2.0,908.0,2150.0,472.5,0.4318985229069514,0.0
Alyce Taylor Elementary School,8.0,1256.0,2145.0,814.375,0.12873594023032442,0.0
Amelia Earhart Middle School,2.0,235.0,1715.0,2855.5,0.0761227106377435,0.0
American Federal Contractors Inc,0.0,0.0,1655.0,0.0,1.0,0.0
Amplify Life,1.0,83.0,177.0,503.0,0.7112521647257646,0.0
Anacortes Middle School,0.0,0.0,1056.0,0.0,1.0,0.0
Anacortes School District 103,31.0,1198.0,1242.0,31055.88806451613,0.9145639477234396,1.0
Anchor Lutheran School,1.0,28.0,2012.0,1160.0,0.06620312535441293,0.0
Anchorage School District,2.0,355.0,2156.0,1435.5,0.09447981141246453,0.0
Anderson Elementary School,4.0,627.0,882.0,4193.675,0.6515708137474091,0.0
Andrew Jackson Elementary School,0.0,0.0,913.0,0.0,1.0,0.0
Antelope Valley High School,5.0,455.0,1291.0,15085.560000000001,0.04849650179369098,0.0
Antelope Valley High School District,57.0,2004.0,2004.0,83579.2398245614,0.9816531463564802,1.0
Archbishop Murphy,0.0,0.0,2061.0,0.0,1.0,0.0
Archie Clayton Middle School,0.0,0.0,1557.0,0.0,1.0,0.0
Arlington School District 16,8.0,1088.0,1952.0,960.98375,0.09312380172743645,0.0
Arts & Technology High School,0.0,0.0,2157.0,0.0,1.0,0.0
Asa Mercer Middle School,2.0,329.0,2159.0,1538.5,0.08233220504345355,0.0
Ashland High School,0.0,0.0,1123.0,0.0,1.0,0.0
Ashland Middle School,0.0,0.0,2137.0,0.0,1.0,0.0
Ashland Public Schools - District 5,1.0,203.0,297.0,76819.31,0.7556090325053527,0.0
Aspen Elementary School,5.0,410.0,2178.0,2693.1,0.0021275085290634937,0.0
Associated Earth Sciences Inc.,0.0,0.0,569.0,0.0,1.0,0.0
Assumption-St. Bridget School,2.0,148.0,1375.0,5467.775,0.06004513127669188,0.0
Auburn Adventist Academy,1.0,6.0,392.0,650.0,0.3067055532667529,0.0
Auburn School District 408,0.0,0.0,1374.0,0.0,1.0,0.0
"BES Electrical Services, LLC",2.0,112.0,526.0,9400.0,0.2627006885336395,0.0
Bailey Charter Elementary School,1.0,398.0,2109.0,225.0,0.343557007832593,0.0
Bainbridge Island School District 303,0.0,0.0,129.0,0.0,1.0,0.0
Baker School District 5J,14.0,2055.0,2184.0,2417.4121428571425,0.8729141861052755,0.0
Bakersfield City School District,1.0,169.0,416.0,1175.0,0.6366292252287096,0.0
Baldy Mesa Elementary School,1.0,22.0,1197.0,500.0,0.11787150834732799,0.0
Bassetti Architects,1.0,49.0,1512.0,800.0,0.11771045217242192,0.0
Bates Technical College,4.0,628.0,1645.0,3455.575,0.12493958078446364,0.0
Bayshore Elementary,0.0,0.0,1801.0,0.0,1.0,0.0
Beacon Avenue Elem School,2.0,797.0,1773.0,295.0,0.47207288752892046,0.0
Beacon Hill International ES,1.0,1076.0,1891.0,170.0,0.6825315608179077,0.0
Bear Gulch Elementary School,0.0,0.0,906.0,0.0,1.0,0.0
Beatty Elementary School,7.0,387.0,2124.0,514.7857142857143,0.00010559917272456928,0.0
Beaverton School District,2.0,224.0,1365.0,620.0,0.11374218898829967,0.0
Bel Air Elementary School,0.0,0.0,966.0,0.0,1.0,0.0
Bellevue College,0.0,0.0,1695.0,0.0,1.0,0.0
Bellevue School District 405,6.0,1582.0,1646.0,118887.86666666665,0.8759105883171585,0.0
Belt School District 26,2.0,1869.0,2046.0,1467.1100000000001,0.8166144053275944,0.0
Benjamin Franklin Elementary School,4.0,1467.0,1888.0,712.5,0.71422024620186,0.0
Benjamin Rush Elem School,7.0,1486.0,1907.0,1440.2857142857142,0.6283260986179176,0.0
Bering Strait School District,0.0,0.0,1914.0,0.0,1.0,0.0
Bertschi School,12.0,829.0,920.0,2998.6633333333334,0.8143885489833651,0.0
Bethel School District,0.0,0.0,563.0,0.0,1.0,0.0
Beulah Payne Elementary School,0.0,0.0,1506.0,0.0,1.0,0.0
Big Lake Elementary School,2.0,190.0,2095.0,403.5,0.034558707508525126,0.0
Billinghurst Middle School,9.0,1564.0,2033.0,2775.017777777778,0.52309871521747,0.0
Biola Pershing Elementary,2.0,133.0,1897.0,839.5,0.025162823088988675,0.0
Bishop Blanchet High School,5.0,1480.0,1529.0,2561.92,0.8729162821612344,0.0
Blaine County School District #61,1.0,35.0,2178.0,594.96,0.06462453865339855,0.0
Bohach Elementary School,2.0,71.0,218.0,18600.5,0.5274093590675771,0.0
Brea Olinda High School,2.0,456.0,1543.0,2012.0,0.27322483785595003,0.0
Brekke School,3.0,1155.0,2054.0,3049.6666666666665,0.49448254540689496,0.0
Bremerton School District 100-C,5.0,1259.0,2144.0,24422.0,0.3419335022131555,0.0
Bret Harte Union High School,3.0,512.0,1919.0,953.0,0.09066568216209359,0.0
Bret Harte Union High School District,15.0,1807.0,1816.0,9892.866666666667,0.939977675070478,0.0
Bridgeways Everett,0.0,0.0,1814.0,0.0,1.0,0.0
Brookings Harbor High School,1.0,44.0,976.0,339.0,0.1857214903050481,0.0
Brookings Harbor School District 17C,0.0,0.0,864.0,0.0,1.0,0.0
Buckeye Elementary School District,0.0,0.0,619.0,0.0,1.0,0.0
Bud Beasley Elementary School,9.0,1329.0,2178.0,2153.1111111111113,0.12124472819981169,0.0
Burbank Unified School District,0.0,0.0,2093.0,0.0,1.0,0.0
Bush School,3.0,421.0,555.0,4153.5,0.7404425586349809,0.0
Butler Creek Elementary School,0.0,0.0,1071.0,0.0,1.0,0.0
Byron Kibler Elementary School,0.0,0.0,1828.0,0.0,1.0,0.0
Calaveras County Office of Education,6.0,1173.0,2155.0,866.8333333333334,0.18033143214830574,0.0
Calaveras River Academy,0.0,0.0,819.0,0.0,1.0,0.0
Caldwell School District #132,0.0,0.0,1570.0,0.0,1.0,0.0
Calexico High School,2.0,21.0,581.0,4349.5,0.06191102421244425,0.0
Calexico Unified School District,2.0,792.0,1352.0,1213.5,0.622794797317605,0.0
Camas High School,0.0,0.0,1966.0,0.0,1.0,0.0
Camas School District 117,0.0,0.0,821.0,0.0,1.0,0.0
Camelot Elementary School,0.0,0.0,1953.0,0.0,1.0,0.0
Camerado Springs Middle School,2.0,273.0,1990.0,395.5,0.07096847951974279,0.0
Campus Canyon College Preparatory Academy,0.0,0.0,1858.0,0.0,1.0,0.0
Campus Security Solutions,2.0,321.0,1884.0,470.0,0.10535153256840145,0.0
Cantua Elementary School,3.0,553.0,2102.0,4766.39,0.08481584023220635,0.0
Canyon Creek Middle School,0.0,0.0,1760.0,0.0,1.0,0.0
Canyon Park Middle High School,0.0,0.0,2115.0,0.0,1.0,0.0
Capital High School,0.0,0.0,49.0,0.0,1.0,0.0
Captain Gray Stem Elementary School,0.0,0.0,66.0,0.0,1.0,0.0
Cardinal Newman High School,1.0,49.0,1808.0,2085.0,0.09451756541808194,0.0
Carl Sandburg Elem School,1.0,1779.0,1906.0,1550.0,0.8080644778930136,0.0
Carnation Elementary School,0.0,0.0,1520.0,0.0,1.0,0.0
Casa Roble Fundamental High School,1.0,792.0,2075.0,297.0,0.5579111567985999,0.0
Cascade Electri/Comm LLC,20.0,2067.0,2144.0,5258.736500000001,0.9119001575499597,0.0
Cascade Elementary School,0.0,0.0,1907.0,0.0,1.0,0.0
Cascades Academy,0.0,0.0,1722.0,0.0,1.0,0.0
Cashmere High School,0.0,0.0,2124.0,0.0,1.0,0.0
Caughlin Ranch Elementary School,4.0,265.0,1073.0,1759.75,0.03537565098979774,0.0
Cedar Crest Academy,9.0,1666.0,2107.0,882.8666666666666,0.582806894287091,0.0
Cedar Crest Academy - Redmond Campus,0.0,0.0,856.0,0.0,1.0,0.0
Cedar River Middle School,4.0,1006.0,2134.0,1029.25,0.23721079139770598,0.0
Cedarcrest High School,0.0,0.0,1871.0,0.0,1.0,0.0
Cedarcrest Middle School,0.0,0.0,2117.0,0.0,1.0,0.0
Centennial Elementary School,0.0,0.0,407.0,0.0,1.0,0.0
Central Elementary School,0.0,0.0,805.0,0.0,1.0,0.0
Central High School,1.0,700.0,1746.0,2150.0,0.5772948354255235,0.0
Central High School - West Campus,0.0,0.0,1872.0,0.0,1.0,0.0
Central Kitsap School District 401,12.0,1021.0,2107.0,45043.0625,0.002907733092329911,0.0
Central Point Elementary School,3.0,447.0,2044.0,2145.6666666666665,0.05174598913797433,0.0
Central Primary Center,2.0,84.0,2165.0,2205.42,0.010178447034505982,0.0
Central School District,0.0,0.0,997.0,0.0,1.0,0.0
Central Unified School District,4.0,441.0,2143.0,2532.2,0.011971280181284568,0.0
Central Washington University,3.0,1310.0,2186.0,2647.6666666666665,0.5440499848457557,0.0
Cesar Chavez Elementary School,1.0,426.0,2177.0,3165.0,0.35190638841638844,0.0
Chadwick School,0.0,0.0,1613.0,0.0,1.0,0.0
Chaffey Joint Union High School District,2.0,1519.0,2177.0,2182.0,0.7039279772294353,0.0
Chain Lake Elementary School,4.0,604.0,2124.0,1772.875,0.03982864607097016,0.0
Chaparral Middle School,0.0,0.0,2151.0,0.0,1.0,0.0
Charles Wright Academy,5.0,940.0,1248.0,2864.4,0.6611007252047302,0.0
Charleston Elementary School,1.0,902.0,1086.0,1099.0,0.7835133860584909,0.0
Charlie Keyan Armenian Community School,2.0,387.0,1934.0,563.5,0.13763626587410416,0.0
Cheney Kindergarten,1.0,56.0,1746.0,850.0,0.10527325672181198,0.0
Cherry Valley Elem School,1.0,440.0,1871.0,916.62,0.4104699785659339,0.0
Chestnut Hill Academy,18.0,1873.0,1939.0,6609.583333333333,0.9135973940903249,0.0
Chief Sealth High School,0.0,0.0,10.0,0.0,1.0,0.0
Chino Valley Unified School District,3.0,134.0,1711.0,1749.3333333333333,0.004738911094589962,0.0
Chinook Elementary School,0.0,0.0,2117.0,0.0,1.0,0.0
Chinook Public Schools,0.0,0.0,199.0,0.0,1.0,0.0
Chowchilla Elementary School District,27.0,1768.0,2142.0,1964.7037037037037,0.1507388999529035,0.0
Christa McAuliffe Elem School,6.0,1783.0,1877.0,676.1666666666666,0.867693192427332,0.0
Christa McAuliffe Elementary,3.0,1428.0,2026.0,3591.3333333333335,0.6697629022923048,0.0
City of Concord,0.0,0.0,1683.0,0.0,1.0,0.0
City of Monroe Public Works,4.0,796.0,1120.0,4060.2749999999996,0.6441629755291925,0.0
City of Mount Vernon,1.0,350.0,1094.0,4008.0,0.5245998022964227,0.0
Clara Barton Elementary School,1.0,42.0,906.0,52675.0,0.1975545020843481,0.0
Clark County Sheriff,0.0,0.0,2124.0,0.0,1.0,0.0
Clark Middle School,1.0,1431.0,2155.0,3225.0,0.7249499523544537,0.0
Clover Park School District 400,0.0,0.0,52.0,0.0,1.0,0.0
Clovis Elementary School,0.0,0.0,1940.0,0.0,1.0,0.0
Clovis Unified School District,9.0,1370.0,2185.0,877.1111111111111,0.14924565889999264,0.0
Coalinga Middle School,7.0,1805.0,2116.0,1544.7142857142858,0.7607818301821445,0.0
Coalinga-Huron Unified School District,24.0,1783.0,2162.0,14478.197916666666,0.21407359994846906,0.0
Coeur d'Alene Public Schools,1.0,400.0,409.0,1215.0,0.8185029517410112,0.0
Cold Springs Middle School,1.0,39.0,1928.0,1280.0,0.07890240437051223,0.0
Colina Middle School,2.0,101.0,1949.0,1076.75,0.01628231485906252,0.0
Colonial Acres Elementary School,0.0,0.0,1690.0,0.0,1.0,0.0
Colony High School,2.0,93.0,1879.0,269.0,0.01596773500903833,0.0
Colony Middle School,2.0,294.0,2173.0,672.5,0.0665903813516423,0.0
Columbia Basin College,1.0,230.0,282.0,1999.0,0.7881977139969253,0.0
Columbia Elementary School,6.0,959.0,2033.0,436.8333333333333,0.08692841217060171,0.0
Columbia High School,1.0,100.0,1760.0,667.0,0.1458874951359295,0.0
Columbia School District 400,4.0,1736.0,1911.0,2448.5,0.8283009067622242,0.0
Committee for Children,0.0,0.0,1086.0,0.0,1.0,0.0
Communication Resources,0.0,0.0,904.0,0.0,1.0,0.0
Computer Classrooms In Seattle,4.0,1764.0,2144.0,1460.5,0.7597512308226222,0.0
Conejo Elementary School,4.0,255.0,2005.0,438.0,0.002347388674657236,0.0
Conley Engineering,0.0,0.0,86.0,0.0,1.0,0.0
Connell High School,0.0,0.0,969.0,0.0,1.0,0.0
Construction Industry Training Council,14.0,1406.0,1913.0,4693.46,0.19031411336103152,0.0
Conway School District 317,2.0,1025.0,1179.0,2046.75,0.8003524905188668,0.0
Conyers Adventist Academy,1.0,104.0,562.0,2300.0,0.44353505992322456,0.0
Copperopolis Elementary School,3.0,295.0,1654.0,655.6666666666666,0.03350078685998328,0.0
Coral Academy Of Science Elementary School,0.0,0.0,2046.0,0.0,1.0,0.0
Coral Academy Of Science High School,1.0,3.0,1928.0,4076.0,0.050411500584570175,0.0
Core Construction,0.0,0.0,1800.0,0.0,1.0,0.0
"Cornerstone General Contractors, INC.",1.0,264.0,1779.0,1275.0,0.29363290107367823,0.0
Cornish College of the Arts,1.0,7.0,647.0,1721.92,0.19532068562724778,0.0
Coronita Elementary School,0.0,0.0,2018.0,0.0,1.0,0.0
Cottonwood Elementary School,2.0,175.0,247.0,8370.0,0.7530563188713333,0.0
Cougar Creek Elementary School,7.0,1422.0,2045.0,2781.6428571428573,0.4300250106720357,0.0
Cougar Ridge Elementary School,0.0,0.0,1696.0,0.0,1.0,0.0
Covenant High School,0.0,0.0,469.0,0.0,1.0,0.0
Crater High School Technology,0.0,0.0,1822.0,0.0,1.0,0.0
Creative Science School,0.0,0.0,1729.0,0.0,1.0,0.0
Credit Union 1,0.0,0.0,409.0,0.0,1.0,0.0
Creekside Elementary School,0.0,0.0,1368.0,0.0,1.0,0.0
Creekside Junior High School,0.0,0.0,1394.0,0.0,1.0,0.0
Crosspoint Academy,0.0,0.0,1232.0,0.0,1.0,0.0
Crossroads Christian School,4.0,799.0,2004.0,1632.75,0.13800887333611112,0.0
Curren K-8 School,3.0,731.0,1854.0,271.6666666666667,0.24582070754229884,0.0
Custom Dental and Aesthetics,1.0,15.0,1515.0,1050.0,0.08115576991601291,0.0
Cypress Elementary School,2.0,379.0,1774.0,18350.0,0.15776372629424104,0.0
Cypress School District,2.0,37.0,1038.0,1747.5,0.02513919706320985,0.0
Dallas School District 2,2.0,686.0,1248.0,4570.155,0.5917073064138884,0.0
Damonte Ranch High School,28.0,2131.0,2141.0,8028.53,0.9612567834626995,0.0
Davis Middle School,0.0,0.0,2038.0,0.0,1.0,0.0
Dayton Elementary School,15.0,1679.0,2134.0,2017.6,0.3288525721845133,0.0
Dayton High School,6.0,1356.0,1527.0,4164.333333333333,0.813891851106235,0.0
Dayton Intermediate School,11.0,1611.0,1871.0,1729.9363636363635,0.7237122165066087,0.0
Dearborn Park Elem School,2.0,457.0,1949.0,601.5,0.17984836050219952,0.0
Del Dayo Elementary School,3.0,958.0,2044.0,1934.3333333333333,0.354296927435054,0.0
Del Mar Union School District,0.0,0.0,913.0,0.0,1.0,0.0
Dennis McKinna Elementary School,3.0,1156.0,2185.0,763.0,0.4442819196667491,0.0
Depoali Middle School,5.0,1543.0,1952.0,2198.4,0.7060743889912064,0.0
Desert Heights Elementary School,6.0,1309.0,1760.0,1311.1666666666667,0.5972349929872266,0.0
Desert Pathways High School,1.0,35.0,661.0,3548.0,0.2549718624312268,0.0
Desert Skies Middle School,4.0,567.0,751.0,90990.6125,0.707075110616214,0.0
Dewey High School,2.0,903.0,1690.0,30.0,0.5686251241317243,0.0
Dieringer Heights Elem School,2.0,34.0,561.0,12368.94,0.08546645213545373,0.0
Dieringer School District 343,4.0,386.0,547.0,1918.6775,0.6643101674188571,0.0
Dimensional Communications,0.0,0.0,1365.0,0.0,1.0,0.0
Dinuba High School,0.0,0.0,1512.0,0.0,1.0,0.0
Dinuba Unified School District,7.0,971.0,1940.0,5352.857142857143,0.07268605983902657,0.0
Discovery Elementary School,1.0,210.0,1557.0,4843.0,0.2818996593743537,0.0
Dixie School District,3.0,138.0,1246.0,30128.333333333332,0.013983438581402507,0.0
Donner Springs Elementary School,6.0,722.0,2185.0,3464.3333333333335,0.011535588225438532,0.0
Dorothy Lemelson STEM Academy,5.0,1078.0,2164.0,702.4,0.18412359700579126,0.0
Double Diamond Elementary,14.0,1356.0,2164.0,2556.8571428571427,0.02543308709166615,0.0
Dry Creek Elementary School,2.0,82.0,2149.0,1511.25,0.01006774132233181,0.0
Dufur School District 29,1.0,15.0,876.0,298.0,0.15555059519349948,0.0
E Otis Vaughn Middle School,9.0,1026.0,2082.0,952.2222222222222,0.020977799367082772,0.0
Eagle Point Middle School,0.0,0.0,1879.0,0.0,1.0,0.0
Earl Wooster High School,7.0,1055.0,1940.0,1802.142857142857,0.12151347963950208,0.0
East Valley School District 361,1.0,252.0,1428.0,13065.9,0.34823880223735726,0.0
East Valley School District 90,0.0,0.0,115.0,0.0,1.0,0.0
Eastlake High School,3.0,1447.0,1917.0,1300.0,0.7175586024105925,0.0
Eastmont Community School,0.0,0.0,792.0,0.0,1.0,0.0
Easton School District 28,0.0,0.0,2095.0,0.0,1.0,0.0
Eastside Catholic School,3.0,1100.0,1471.0,700.0,0.7143199315161963,0.0
Eastside High School,16.0,1080.0,1438.0,22506.348125,0.17952732876059627,0.0
Eatonville School District 404,0.0,0.0,1681.0,0.0,1.0,0.0
Echo Loder Elementary School,10.0,1529.0,1746.0,13221.7,0.7702450413560282,0.0
Edmonds Community College,0.0,0.0,567.0,0.0,1.0,0.0
Edmonds School District 15,3.0,772.0,920.0,1633.1333333333332,0.7868010976395234,0.0
Edward C Reed High School,17.0,2121.0,2123.0,1378.0258823529414,0.9481956976426121,0.0
Edward Pine Middle School,10.0,1358.0,1564.0,1964.0,0.756572497530425,0.0
Edward W Van Gorder Elem Sch,14.0,1818.0,2058.0,4417.025,0.742399637975454,0.0
Edwin Dodson Elementary School,6.0,1534.0,1774.0,3307.3333333333335,0.7870869062076121,0.0
El Capitan Middle School,10.0,1089.0,2072.0,1088.3200000000002,0.02157219426191935,0.0
Electrocom Sound And Communication Systems,0.0,0.0,2004.0,0.0,1.0,0.0
Elizabeth Blackwell Elem Sch,3.0,1856.0,1970.0,5165.0,0.8397274308517283,0.0
Elizabeth Lenz Elem School,6.0,1412.0,2141.0,9082.241666666667,0.41202639469997226,0.0
Ella Baker Elementary School,3.0,600.0,945.0,18393.333333333332,0.6113938227467955,0.0
Elm Elementary School,0.0,0.0,755.0,0.0,1.0,0.0
Elmcrest Elementary School,0.0,0.0,1533.0,0.0,1.0,0.0
Emerson Elementary School,2.0,647.0,1858.0,3074.0,0.3373999357004169,0.0
Emerson High School,0.0,0.0,1554.0,0.0,1.0,0.0
Emilie Ritchen Elementary School,1.0,923.0,1822.0,8994.0,0.6486406437538603,0.0
Emily Dickinson Elem School,7.0,1428.0,1773.0,1477.857142857143,0.6820358128112655,0.0
Endeavour Elementary School,3.0,903.0,1968.0,771.6666666666666,0.34047926944237206,0.0
English Crossing Elem School,2.0,513.0,1389.0,9600.0,0.37932781765545753,0.0
Enumclaw High School,1.0,508.0,1564.0,45885.0,0.514833124518093,0.0
Enumclaw School District 216,13.0,1183.0,2173.0,19649.30769230769,0.006519439047491454,0.0
Enumclaw Senior Center,1.0,39.0,749.0,695.0,0.2338347757677766,0.0
Enviromental & Adventure Sch,0.0,0.0,1759.0,0.0,1.0,0.0
Escondido Union School District,0.0,0.0,247.0,0.0,1.0,0.0
Esther Bennett Elem School,22.0,1662.0,1952.0,1901.590909090909,0.423941236496564,0.0
Eugene School District 4J,0.0,0.0,1191.0,0.0,1.0,0.0
Eureka Union School District,1.0,68.0,2043.0,129.0,0.09605817907697753,0.0
Everett School District 2,0.0,0.0,406.0,0.0,1.0,0.0
Evergreen Junior High School,11.0,1608.0,1953.0,1385.0,0.6162253883350384,0.0
Excelsior Elementary School,0.0,0.0,1907.0,0.0,1.0,0.0
Explorer Community Elem School,0.0,0.0,1199.0,0.0,1.0,0.0
Explorer Middle School,4.0,758.0,2018.0,2381.525,0.11186813301418308,0.0
Fairmead Elementary School,0.0,0.0,994.0,0.0,1.0,0.0
Fairmount Elementary School,0.0,0.0,1092.0,0.0,1.0,0.0
Federal Way High School,1.0,8.0,1634.0,38690.0,0.06715521708661838,0.0
Federal Way Public Schools,18.0,1868.0,2172.0,59901.6238888889,0.5756536553484396,0.0
Ferndale School District 502,1.0,1225.0,1564.0,8396.0,0.768636272952466,0.0
Fernley High School,2.0,171.0,808.0,2087.0,0.20992138564748794,0.0
Ferrahian High School,0.0,0.0,1541.0,0.0,1.0,0.0
"Fickle Passion Productions, Inc",0.0,0.0,1737.0,0.0,1.0,0.0
Fidalgo Elementary School,2.0,538.0,947.0,3245.0,0.6169292752806695,0.0
Fife School District 417,3.0,154.0,1899.0,792.6666666666666,0.0045260944229275485,0.0
Finn Hill Junior High School,2.0,743.0,1199.0,1072.5,0.6538567886093172,0.0
"First Choice, LLC",1.0,61.0,2065.0,634.0,0.08925970055109014,0.0
First Creek Middle School,0.0,0.0,2141.0,0.0,1.0,0.0
First Presbyterian Church - Carson City,1.0,209.0,323.0,599.0,0.7434288227559094,0.0
Florence Drake Elementary School,10.0,1914.0,2155.0,1146.5,0.792093853515191,0.0
Forest Ridge School of the Sacred Heart,2.0,157.0,1249.0,2975.55,0.08022475857530645,0.0
Fossil School District 21J,1.0,63.0,1358.0,2100.0,0.1508351633811717,0.0
Fowler Unified School District,5.0,1498.0,2173.0,4114.4,0.5409355816930207,0.0
Frank Augustus Miller Middle,7.0,427.0,2117.0,5916.285714285715,0.00019719869291323958,0.0
Frank D. Parent Elementary School,0.0,0.0,602.0,0.0,1.0,0.0
Frank Intermediate,2.0,235.0,1768.0,7210.5,0.07128768363532802,0.0
Frank Sparkes Elementary,7.0,1063.0,2086.0,785.1428571428571,0.07989795058631209,0.0
Frank Wagner Elementary School,1.0,1047.0,1911.0,12052.5,0.6713788854855266,0.0
Franklin Pierce School District 402,0.0,0.0,1723.0,0.0,1.0,0.0
Fred Traner Middle School,10.0,1387.0,1830.0,2556.96,0.4458163534563886,0.0
Freedom Elementary School,0.0,0.0,1197.0,0.0,1.0,0.0
Fremont Intermediate,2.0,264.0,1695.0,2213.0,0.09456466227430467,0.0
Fremont Unified School District,1.0,36.0,1241.0,950.0,0.13131999560836866,0.0
French American School of Puget Sound,7.0,560.0,591.0,2985.1428571428573,0.8745327056597894,0.0
Fronteras Spanish Chtr Hs,1.0,366.0,1928.0,1396.0,0.3494358504846795,0.0
Fryelands Elementary School,2.0,898.0,1738.0,435.0,0.5495227412367596,0.0
Fugman Elementary School,9.0,883.0,2178.0,1082.888888888889,0.0038776646705750125,0.0
Fuller Elementary School,3.0,490.0,939.0,38142.0,0.4684441418247213,0.0
Galena High School,0.0,0.0,836.0,0.0,1.0,0.0
Garden Heights Elem School,0.0,0.0,1534.0,0.0,1.0,0.0
Gardner School,0.0,0.0,792.0,0.0,1.0,0.0
Gateway Christian Schools Poulsbo,0.0,0.0,1450.0,0.0,1.0,0.0
Gateway High School,1.0,47.0,1904.0,725.0,0.0868883826480232,0.0
Gateway Unified School District,16.0,1034.0,2185.0,820.49375,0.0001616265118346633,0.0
Genesis Collaboration,0.0,0.0,2071.0,0.0,1.0,0.0
George Hall Elementary School,4.0,625.0,2086.0,4467.5,0.048672896499776894,0.0
George L. Dilworth Middle School,4.0,1617.0,1968.0,3746.775,0.759297551612579,0.0
George Westergard Elementary School,7.0,2039.0,2124.0,525.2857142857143,0.8805360187311432,0.0
Gerlach Middle High School,0.0,0.0,1848.0,0.0,1.0,0.0
Getchell High School,2.0,1583.0,2103.0,3857.5,0.7393884115532738,0.0
Glacier Park Elem School,1.0,190.0,1968.0,1050.0,0.20461838995011117,0.0
Glacier Peak High School,1.0,14.0,884.0,1972.5,0.15217330635284168,0.0
Glendale School District 77,0.0,0.0,297.0,0.0,1.0,0.0
Glenn Duncan Elementary School,4.0,1478.0,1781.0,3471.75,0.7675847313829492,0.0
Glenwood Elementary School,1.0,54.0,2178.0,1848.0,0.0782854132519301,0.0
Glenwood School District 401,1.0,76.0,1141.0,149.0,0.20194150314348944,0.0
Gold Oak Elementary School,0.0,0.0,1603.0,0.0,1.0,0.0
Golden Plains Unified School District,0.0,0.0,1687.0,0.0,1.0,0.0
Golden Valley Unified School District,2.0,123.0,2072.0,12796.0,0.01840854020798229,0.0
Gonzaga University,0.0,0.0,591.0,0.0,1.0,0.0
Grace Lutheran School,0.0,0.0,335.0,0.0,1.0,0.0
Grace Warner Elementary School,2.0,241.0,913.0,1019.25,0.26646074008156256,0.0
Grand View Elementary School,3.0,427.0,1952.0,330.0,0.052779165768471865,0.0
Granger High School,0.0,0.0,1525.0,0.0,1.0,0.0
Granger Middle School,2.0,375.0,1847.0,975.5,0.1430720800217856,0.0
Granger School District 204,6.0,1527.0,1907.0,3354.875,0.6974164706828914,0.0
Granite Falls School District 332,21.0,1862.0,2166.0,5515.986666666667,0.4972641605771346,0.0
Grants Pass School District 7,25.0,2141.0,2185.0,823.1232000000001,0.9395991873644989,0.0
Greater Trinity Academy,0.0,0.0,94.0,0.0,1.0,0.0
Green Acres Elementary,3.0,165.0,2149.0,1298.6000000000001,0.003508914596990377,0.0
Greenbrae Elementary School,1.0,24.0,598.0,634.0,0.25352472326211783,0.0
Greenwood Elementary School,0.0,0.0,2170.0,0.0,1.0,0.0
Groner Elementary School,0.0,0.0,2159.0,0.0,1.0,0.0
Grove Elementary School,0.0,0.0,2143.0,0.0,1.0,0.0
Gus Franklin Jr. Campus,0.0,0.0,1569.0,0.0,1.0,0.0
Harbour Pointe Middle School,6.0,1051.0,1968.0,2172.3333333333335,0.16677649507491735,0.0
Harold L. Woods Elementary School,0.0,0.0,1795.0,0.0,1.0,0.0
Harrington Elementary School,0.0,0.0,1848.0,0.0,1.0,0.0
Hawthorne Elementary School,1.0,24.0,2040.0,2072.0,0.06203150723251167,0.0
Health Science High and Middle College,1.0,35.0,1262.0,9825.0,0.12745690653997455,0.0
Helen Keller Elem School,4.0,842.0,1900.0,932.0,0.19861169990436017,0.0
Helena School District 1,6.0,226.0,1662.0,1379.1783333333333,0.0001413171949087498,0.0
Helm Elementary School,1.0,296.0,2144.0,398.0,0.2669020523003256,0.0
Henkle Middle School,0.0,0.0,1632.0,0.0,1.0,0.0
Henry David Thoreau Elementary School,5.0,1813.0,1906.0,1269.2,0.8622943610804029,0.0
Henry Foss High School,0.0,0.0,1858.0,0.0,1.0,0.0
Henry Miller Elementary School,9.0,1311.0,1781.0,1774.3333333333333,0.4298094156910601,0.0
Hephatha Lutheran School Church and School,6.0,1458.0,1577.0,5189.333333333333,0.8479735366134681,0.0
Heritage Christian Academy,13.0,2038.0,2054.0,4248.331538461538,0.9317667002215148,0.0
Heritage High School,1.0,1328.0,2157.0,974.0,0.7039879939115219,0.0
Heritage Oak Private Education,25.0,2116.0,2166.0,1550.6668,0.9352975678334574,0.0
Heritage School,0.0,0.0,1375.0,0.0,1.0,0.0
Hermiston School District 8R,4.0,281.0,2159.0,62.084999999999994,0.002367551692868326,0.0
Herz Middle School,2.0,71.0,218.0,37855.0,0.5274093590675771,0.0
Hidden River Middle School,2.0,465.0,2033.0,1144.5,0.17071108207955135,0.0
Hidden Valley Elementary School,5.0,1192.0,1409.0,324.0,0.7759277747976961,0.0
High Desert Education Service District,0.0,0.0,79.0,0.0,1.0,0.0
Highgrove Elementary School,4.0,675.0,2123.0,782.25,0.06027215122554572,0.0
Highland Elementary School,7.0,664.0,1982.0,3096.6428571428573,0.005243083457210923,0.0
Highland High School,7.0,1027.0,1330.0,4752.072857142856,0.6225308240181563,0.0
Hillsboro School District 1J,1.0,76.0,2115.0,497.02,0.09815559702755278,0.0
Hockinson School District 98,3.0,504.0,987.0,4058.9733333333334,0.44983731919104997,0.0
Holy Family Kirkland,3.0,497.0,591.0,6590.333333333333,0.7924317445103953,0.0
Holy Family School,0.0,0.0,1107.0,0.0,1.0,0.0
Holy Names Academy,0.0,0.0,177.0,0.0,1.0,0.0
Holy Rosary Bilingual Academy - Tacoma,4.0,847.0,1990.0,2259.5,0.17250680940245422,0.0
Holy Rosary School - Edmonds,16.0,2044.0,2136.0,4954.59375,0.8984619437766634,0.0
Horace Mann Elementary School,3.0,780.0,1599.0,3091.066666666667,0.39268183125395417,0.0
Horizon Elementary School,2.0,278.0,1806.0,1540.0,0.0901656839841632,0.0
Houghton-Kearney K-8 School,4.0,736.0,2080.0,3416.625,0.08965942704395385,0.0
Huffaker Elementary School,2.0,166.0,2150.0,1123.5,0.026314461607575428,0.0
Hug High School,3.0,388.0,2019.0,7729.09,0.03662575607774529,0.0
Hulan Whitson Elem School,0.0,0.0,1431.0,0.0,1.0,0.0
Hunter Lake Elementary School,3.0,489.0,1598.0,4322.0,0.13708826542565095,0.0
Huntington Beach Adult School,0.0,0.0,1071.0,0.0,1.0,0.0
Huntington Christian School,10.0,1730.0,1899.0,4695.0,0.831511839883851,0.0
Huron Elementary School,6.0,1065.0,2178.0,586.8333333333334,0.10371190465795373,0.0
Imlay Elementary School,0.0,0.0,2054.0,0.0,1.0,0.0
Immaculate Conception,0.0,0.0,1932.0,0.0,1.0,0.0
Immaculate Conception Regional School,3.0,814.0,906.0,3738.9133333333334,0.8202568150686336,0.0
Immaculate Conception School - Yuma,0.0,0.0,878.0,0.0,1.0,0.0
Incline Elementary School,15.0,1266.0,1472.0,2199.866666666667,0.6542949050527141,0.0
Incline High School,9.0,2071.0,2095.0,1766.0,0.9127503262352207,0.0
Incline Middle School,1.0,1064.0,1983.0,3084.0,0.6647998110933504,0.0
Indian Hills Elementary School,0.0,0.0,2124.0,0.0,1.0,0.0
Inglewood Middle School,4.0,1770.0,1897.0,1041.0,0.8438228365860968,0.0
Inglewood Unified School District,2.0,157.0,661.0,2548.0,0.26445259367750434,0.0
Ingraham High School,1.0,41.0,1969.0,650.0,0.0784203476711929,0.0
Innovation Lab High School,0.0,0.0,28.0,0.0,1.0,0.0
Inspire Academy,0.0,0.0,1472.0,0.0,1.0,0.0
Integrated Technologies Group,1.0,645.0,2117.0,1062.5,0.4852036817872946,0.0
InterMountain ESD,12.0,1153.0,2141.0,1421.8033333333333,0.009660664137700545,0.0
InterMountain Education Service District,0.0,0.0,386.0,0.0,1.0,0.0
International Cmty School,1.0,15.0,701.0,1850.0,0.19745960556429504,0.0
Intra Communication Systems Inc,2.0,315.0,2005.0,2690.0,0.08941244140474248,0.0
Irvine Unified School District,0.0,0.0,1358.0,0.0,1.0,0.0
Islander Middle School,0.0,0.0,1947.0,0.0,1.0,0.0
Issaquah School District 411,3.0,776.0,2122.0,120.33333333333333,0.20065384085416518,0.0
IvyTech Charter School,2.0,374.0,2173.0,1476.75,0.10192369765921054,0.0
J.S. Clark Leadership Academy,0.0,0.0,2017.0,0.0,1.0,0.0
Jackson County School District #9,0.0,0.0,1940.0,0.0,1.0,0.0
Jackson Elementary School,0.0,0.0,2080.0,0.0,1.0,0.0
Jarman Elementary School,1.0,220.0,2145.0,172.5,0.20928059748771796,0.0
Jefferson Elementary School,22.0,1608.0,2185.0,4431.272727272727,0.031174306008653244,0.0
Jefferson Middle School,0.0,0.0,2180.0,0.0,1.0,0.0
Jerry Whitehead Elem School,12.0,1360.0,2089.0,3203.7083333333335,0.08185390597141252,0.0
Jesse Hall Elementary School,12.0,1393.0,2145.0,1098.8916666666667,0.07921175277251435,0.0
Jessie Beck Elementary School,3.0,1295.0,2165.0,520.0,0.5427614719862883,0.0
Jewett Elementary School,0.0,0.0,1450.0,0.0,1.0,0.0
John C. Fremont Elementary School,0.0,0.0,1249.0,0.0,1.0,0.0
John F. Kennedy Catholic High School - Burien,7.0,492.0,1662.0,9970.0,0.002659053577229209,0.0
John F. Kennedy High School,12.0,1401.0,2017.0,5595.305833333333,0.16088551232302972,0.0
John H. Nuffer Elementary School,1.0,57.0,976.0,2249.0,0.20701807853678966,0.0
John James Audubon Elementary,3.0,1451.0,1907.0,863.3333333333334,0.72283589475755,0.0
John Muir Elementary School,4.0,1470.0,1515.0,840.75,0.8646278292913104,0.0
John W. North High School,2.0,145.0,1905.0,1216.25,0.028254258619727125,0.0
Joint Base Elmendorf (Anchorage),1.0,608.0,2178.0,236.0,0.45673705948454285,0.0
Journey Education,2.0,63.0,191.0,250.0,0.5521756542493665,0.0
Juanita High School,15.0,1980.0,2081.0,15607.0,0.8897343805566689,0.0
Junction City School District 69,0.0,0.0,2086.0,0.0,1.0,0.0
Juniper Elementary School,4.0,187.0,1708.0,1515.795,0.0017405926848580847,0.0
KCDA,0.0,0.0,1246.0,0.0,1.0,0.0
Kamala School,3.0,1378.0,2039.0,3548.6666666666665,0.6388725218838677,0.0
Kamiak High School,4.0,1241.0,1731.0,1460.0,0.6424510966796004,0.0
Kamiakin Middle School,1.0,1499.0,1849.0,429.0,0.7763484661736972,0.0
Kate Smith Elementary School,3.0,907.0,1736.0,481.0,0.44156062517922007,0.0
Katherine Dunn Elem School,8.0,1079.0,2148.0,3967.09375,0.04247321635456034,0.0
Kellogg Marsh Elem School,0.0,0.0,1492.0,0.0,1.0,0.0
Kellogg Middle School,1.0,335.0,807.0,88.2,0.6106717674875943,0.0
Kendall Elementary School,0.0,0.0,1094.0,0.0,1.0,0.0
Kennedy Elementary School,1.0,230.0,588.0,297.0,0.6091750048470347,0.0
Kent Parks & Recreation,0.0,0.0,10.0,0.0,1.0,0.0
Kent Prairie Elementary School,1.0,8.0,913.0,3145.0,0.1362128001939679,0.0
Kent School District 415,3.0,1541.0,1647.0,46596.0,0.8369028711090247,0.0
Kern Behavioral and Recovery Services,0.0,0.0,1332.0,0.0,1.0,0.0
Ketchikan Gateway Borough SD,0.0,0.0,990.0,0.0,1.0,0.0
Kidder Mathews,1.0,133.0,451.0,229.0,0.5612616218556895,0.0
Kids Unlimited,1.0,371.0,1977.0,1899.0,0.3451502221062319,0.0
Kingswood Elementary School,3.0,175.0,2061.0,4713.5,0.004598121816732742,0.0
Kirkland Junior High School,4.0,1234.0,1361.0,1103.75,0.8282390293818643,0.0
Kitsap Community Resources,0.0,0.0,91.0,0.0,1.0,0.0
Kitsap County,1.0,76.0,1731.0,13298.0,0.12554022188475925,0.0
Klamath Falls City Schools,1.0,18.0,2051.0,99.16,0.05718540079296418,0.0
Knappa School District 4,0.0,0.0,1471.0,0.0,1.0,0.0
Knight High School,3.0,105.0,941.0,33098.473333333335,0.019769619209614377,0.0
Kodiak Area Native Association,3.0,1010.0,2016.0,10404.066666666668,0.4042994744207916,0.0
Kootenai County Fire & Rescue,0.0,0.0,203.0,0.0,1.0,0.0
La Conner School District 311,0.0,0.0,1330.0,0.0,1.0,0.0
La Veta Elementary School,4.0,895.0,2074.0,276.0,0.1792129081040657,0.0
La Vista Center,0.0,0.0,1113.0,0.0,1.0,0.0
Lake Grove Elementary School,0.0,0.0,128.0,0.0,1.0,0.0
Lake Stevens Middle School,0.0,0.0,1878.0,0.0,1.0,0.0
Lake Stevens School District 4,1.0,49.0,112.0,22906.769999999997,0.7287172190289225,0.0
Lake Stevens Senior High School,0.0,0.0,94.0,0.0,1.0,0.0
Lake Stickney,3.0,83.0,1647.0,11539.666666666666,0.0021975857325918025,0.0
Lake Tapps Elementary School,3.0,416.0,899.0,9615.666666666666,0.38674495053643204,0.0
Lake Washington High School,6.0,1561.0,1907.0,2265.6666666666665,0.7249723251317024,0.0
Lake Washington School District 414,111.0,2093.0,2145.0,61335.121981981974,0.8793739233580921,1.0
Lakeland Elementary School,0.0,0.0,1555.0,0.0,1.0,0.0
Lakeside Middle School,1.0,43.0,1368.0,2475.0,0.12539095104973683,0.0
Lakeside School,6.0,301.0,1582.0,3242.1666666666665,0.0007570125191888334,0.0
Lakeview Elementary School,3.0,837.0,1267.0,946.6666666666666,0.631300130827938,0.0
Lakeview Terrace Elem School,4.0,1464.0,1515.0,5515.0,0.8626082194346735,0.0
Lakewood Elementary School,2.0,437.0,1900.0,1335.75,0.17520811993703156,0.0
Lakewood High School,9.0,1338.0,1963.0,1224.5888888888887,0.2729740688890388,0.0
Lakewood Middle School,4.0,1195.0,1849.0,3867.145,0.5374658905755626,0.0
Lakewood School District 306,92.0,2056.0,2185.0,11375.63760869565,0.27528788865472353,0.0
Lancaster High School,4.0,1072.0,1205.0,2180.0,0.817351295162723,0.0
Larson Heights Elem School,0.0,0.0,458.0,0.0,1.0,0.0
Laton Elementary School,8.0,828.0,1955.0,2723.4875,0.012161989552714633,0.0
Laton High School,6.0,720.0,2156.0,4351.5,0.01232295936704572,0.0
Laton Unified School District,7.0,882.0,2156.0,12421.285714285714,0.018842054840292655,0.0
Laura Ingalls Wilder Elem Sch,5.0,1591.0,1920.0,842.6200000000001,0.754055932067252,0.0
Laurelhurst Elementary School,2.0,588.0,1960.0,971.5,0.26809773347497307,0.0
Lebanon Cmty School District 9,0.0,0.0,1570.0,0.0,1.0,0.0
Lemmon Valley Elementary School,8.0,1265.0,2141.0,684.9,0.13696780896522964,0.0
Lemonwood Elementary School,6.0,1165.0,1920.0,29501.833333333332,0.30112848591973357,0.0
Lewis & Clark Elem School,0.0,0.0,1646.0,0.0,1.0,0.0
Libby C Booth Elem School,7.0,1783.0,1793.0,6802.428571428572,0.904608431644417,0.0
Liberty Elementary School,1.0,14.0,1360.0,3000.0,0.09164263112767533,0.0
Liddell Elementary School,4.0,343.0,2124.0,886.6,0.005043512229113296,0.0
Life Academy,2.0,73.0,1165.0,2060.0,0.03545027815757603,0.0
Lincoln County School District,3.0,261.0,2159.0,1792.2600000000002,0.010366828429842344,0.0
Lincoln Elementary,1.0,47.0,1562.0,745.0,0.11106392476935185,0.0
Lincoln Elementary School,4.0,1433.0,1897.0,2832.25,0.689445316196504,0.0
Lincoln Park Elementary School,2.0,959.0,1570.0,9591.4,0.6414060293388395,0.0
Linker Financial Group Inc,0.0,0.0,196.0,0.0,1.0,0.0
Linn Benton Lincoln Education,0.0,0.0,1668.0,0.0,1.0,0.0
Liquid PC,0.0,0.0,498.0,0.0,1.0,0.0
Little Cedars Elementary Sch,0.0,0.0,2038.0,0.0,1.0,0.0
Little Shasta Elementary School District,0.0,0.0,1205.0,0.0,1.0,0.0
Little Valley Elementary School,0.0,0.0,842.0,0.0,1.0,0.0
Littlerock High School,7.0,640.0,1200.0,13219.048571428571,0.12393805952637217,0.0
Live Oak School District,3.0,365.0,1998.0,1703.6666666666667,0.032121986912440045,0.0
Lois Allen Elementary School,3.0,1659.0,1925.0,7810.0,0.7964567603136072,0.0
Longfellow Elementary School,1.0,39.0,1687.0,500.0,0.09335904190979447,0.0
Longview School District 122,3.0,752.0,1949.0,163.33333333333334,0.2317620291521972,0.0
Lopez Island School District 144,1.0,825.0,2177.0,359.0,0.5545977415631413,0.0
Lorena Falasco Elementary School,0.0,0.0,868.0,0.0,1.0,0.0
Los Angeles Clippers,5.0,218.0,2095.0,2575.2,0.00018511060546830288,0.0
Los Angeles Unified School District,0.0,0.0,969.0,0.0,1.0,0.0
Los Banos Elementary School,5.0,1301.0,2177.0,301.0,0.36182091892703955,0.0
Los Banos High School,2.0,58.0,947.0,375.0,0.04418183187298615,0.0
Los Banos Junior High School,16.0,1895.0,2177.0,4803.5625,0.6657154742154406,0.0
Los Banos Unified School District,14.0,1609.0,1891.0,947.7557142857141,0.634428891474052,0.0
Lou Mendive Middle School,8.0,1811.0,2141.0,1318.25,0.735199180881839,0.0
Louisa May Alcott Elementary School,6.0,737.0,2067.0,673.3333333333334,0.018181127276605584,0.0
Luckiamute Charter School,2.0,770.0,2178.0,506.5,0.33871026866327103,0.0
Lynden Middle School,2.0,166.0,1113.0,105372.0,0.11016348317637831,0.0
Lynden School District 504,2.0,1134.0,1218.0,83027.0,0.8238685949351808,0.0
Lyon County School District,6.0,721.0,1652.0,3787.6666666666665,0.06083535844319214,0.0
Mabton School District 120,0.0,0.0,1689.0,0.0,1.0,0.0
Machias Elementary School,0.0,0.0,647.0,0.0,1.0,0.0
Madera County Superintendent of Schools,8.0,1156.0,2178.0,1594.0,0.06364404141766851,0.0
Madison Elementary School,0.0,0.0,2086.0,0.0,1.0,0.0
Madrona Elementary School,0.0,0.0,2038.0,0.0,1.0,0.0
Mae Richardson Elementary School,0.0,0.0,2010.0,0.0,1.0,0.0
Magnolia Elementary School,0.0,0.0,1869.0,0.0,1.0,0.0
Magnolia Public Schools,1.0,26.0,1224.0,859.0,0.12009697291172568,0.0
Major League Baseball,0.0,0.0,1148.0,0.0,1.0,0.0
Maltby Elementary School,0.0,0.0,840.0,0.0,1.0,0.0
Mamie Towles Elementary School,0.0,0.0,1708.0,0.0,1.0,0.0
Manson High School,0.0,0.0,1515.0,0.0,1.0,0.0
Maple View Middle School,1.0,113.0,1205.0,1370.0,0.23963948354515,0.0
Marcola Elementary School,0.0,0.0,1528.0,0.0,1.0,0.0
Marcola School District 79J,8.0,1666.0,1668.0,8456.25,0.9140661134293643,0.0
Margaret Mead Elem School,3.0,356.0,813.0,42163.333333333336,0.3582014447663567,0.0
Marie Cabayan Elementary,3.0,146.0,1541.0,3084.6666666666665,0.007966741808142221,0.0
Mariemont Elementary School,0.0,0.0,1878.0,0.0,1.0,0.0
Marin County Office of Education,0.0,0.0,1297.0,0.0,1.0,0.0
Marin Preparatory School,1.0,301.0,1199.0,9086.0,0.4512094080135912,0.0
Marina West Elementary,2.0,636.0,1701.0,1395.5,0.3761184822706388,0.0
Mariner High School,12.0,630.0,1829.0,1632.9583333333333,7.058356759147028e-05,0.0
Mariposa Acad-Language & Lrng,5.0,1623.0,1743.0,6548.8,0.8488352521620288,0.0
Maritime Academy of Toledo,2.0,252.0,2124.0,2917.2749999999996,0.05360605731506169,0.0
Mark Twain Elementary School,5.0,1308.0,1778.0,1445.4,0.6259430583235478,0.0
Marshall Elementary,1.0,358.0,1113.0,55463.0,0.5253684047175555,0.0
Marshall Elementary School,1.0,1027.0,1618.0,4598.0,0.7146078676113891,0.0
Marsing School District,0.0,0.0,1197.0,0.0,1.0,0.0
Marvin Moss Elementary School,1.0,100.0,1655.0,2615.0,0.1567434882690394,0.0
Marvin Picollo Spec Ed Center,1.0,431.0,1316.0,5139.0,0.5236569780882817,0.0
Mary Fay Pendleton School,0.0,0.0,1053.0,0.0,1.0,0.0
Marysville Middle School,0.0,0.0,1785.0,0.0,1.0,0.0
Marysville School District 25,76.0,2150.0,2178.0,11266.599605263156,0.9644148760185627,1.0
Marysville-Pilchuck High Sch,3.0,672.0,2103.0,1624.1866666666665,0.14257945866605748,0.0
Mason Middle School,0.0,0.0,2115.0,0.0,1.0,0.0
Mater Dei High School,0.0,0.0,84.0,0.0,1.0,0.0
Mathews Elementary School,1.0,126.0,1872.0,30.0,0.1589978205210696,0.0
Matilija Jr. High School,0.0,0.0,2054.0,0.0,1.0,0.0
Medford School District 549C,5.0,1495.0,2142.0,5991.0,0.55699268620501,0.0
Merced Elementary School,0.0,0.0,1324.0,0.0,1.0,0.0
Mercer Island School District 400,2.0,1343.0,2185.0,2398.0,0.6396487274589887,0.0
Mercey Springs Elementary School,0.0,0.0,1358.0,0.0,1.0,0.0
Meridian Park Elem School,0.0,0.0,885.0,0.0,1.0,0.0
Mesa Verde High School,0.0,0.0,2086.0,0.0,1.0,0.0
Miguel Sepulveda Elem School,6.0,1103.0,1657.0,3069.8333333333335,0.4343132667726054,0.0
Mike Inskeep Elementary,1.0,28.0,92.0,58742.31,0.7111037001358673,0.0
Millennium Kids Creative Center LLC,0.0,0.0,471.0,0.0,1.0,0.0
Milne Electric,0.0,0.0,93.0,0.0,1.0,0.0
Minter Bridge Elem School,0.0,0.0,2044.0,0.0,1.0,0.0
Miramonte Elementary,2.0,715.0,2115.0,901.5,0.31821132229925736,0.0
Mirror Lake Elementary School,0.0,0.0,93.0,0.0,1.0,0.0
Modoc Joint Unified School District,5.0,511.0,2102.0,8485.4,0.006959137150743516,0.0
Modoc Middle School,0.0,0.0,1806.0,0.0,1.0,0.0
Monroe High School,6.0,1309.0,1778.0,1559.5833333333333,0.5821242244171061,0.0
Monroe Police Department,0.0,0.0,819.0,0.0,1.0,0.0
Monroe School District 103,35.0,1994.0,2010.0,58239.76085714286,0.963173588396746,0.0
Montclair Elementary School,1.0,83.0,2165.0,78.24,0.10063614604334896,0.0
Montebello Unified School District,0.0,0.0,1297.0,0.0,1.0,0.0
Montesano Jr/Sr High School,0.0,0.0,934.0,0.0,1.0,0.0
Moorpark Unified School District,14.0,907.0,2096.0,2337.8571428571427,0.00018783997773073562,0.0
Moreno Valley Unified School District,1.0,11.0,1232.0,850.0,0.09950028091804766,0.0
Mortgage Lending Group,1.0,34.0,336.0,475.0,0.43481530834451937,0.0
Moses Lake School District 161,8.0,1527.0,1618.0,854.875,0.8711510655378644,0.0
Mound Elementary School,1.0,21.0,1984.0,595.0,0.06200676581953452,0.0
Mount Baker School District,2.0,733.0,1330.0,1185.0,0.59132835097487,0.0
Mount Rose Elementary School,5.0,1094.0,2145.0,1009.844,0.2028863284634833,0.0
Mountain Elementary School,1.0,91.0,380.0,3500.0,0.5365936924182665,0.0
Mountain Oaks School,7.0,719.0,2155.0,1744.0,0.004878726983498131,0.0
Mountain View Elementary School,2.0,479.0,1690.0,550.0,0.2519620596696247,0.0
Mountain View High School,0.0,0.0,2143.0,0.0,1.0,0.0
Mountain View Montessori,0.0,0.0,177.0,0.0,1.0,0.0
Muckleshoot Indian Tribe,14.0,1316.0,1634.0,9957.128571428571,0.4559335019084783,0.0
Mukilteo Elementary School,0.0,0.0,1092.0,0.0,1.0,0.0
Mukilteo School District 6,105.0,2110.0,2173.0,32934.36180952381,0.8291060776693557,1.0
Multicultral Child and Family Hope Center,1.0,27.0,134.0,750.0,0.642498554432045,0.0
Myrtle Point School District 41,3.0,97.0,184.0,1549.0500000000002,0.6292462520966688,0.0
NAVSUP FLC Puget Sound,0.0,0.0,1522.0,0.0,1.0,0.0
Nancy Gomes Elementary School,6.0,1658.0,2162.0,4130.666666666667,0.6370170887839017,0.0
Natchez Elementary School,1.0,266.0,1582.0,85170.0,0.32994718153584907,0.0
National School District,41.0,1897.0,2185.0,31110.508048780488,0.12611866736392272,0.0
Needles High School,2.0,514.0,2068.0,6107.0,0.19572654148377958,0.0
Needles Middle School,1.0,43.0,1597.0,1100.0,0.10400458953534043,0.0
Nell Dawson Elementary School,7.0,1046.0,2159.0,732.5714285714286,0.05730812627585482,0.0
"Nelson Electric Co., Inc.",3.0,629.0,1625.0,20410.0,0.24109141582522467,0.0
Nevada City School District,1.0,295.0,318.0,1353.0,0.8097600386410457,0.0
Newbury Park High School,1.0,3.0,1920.0,798.0,0.05068739501856428,0.0
Newport Coast Child Development,0.0,0.0,1239.0,0.0,1.0,0.0
Nick Poulakidas Elementary School,6.0,659.0,751.0,36873.458333333336,0.8097879355341954,0.0
Nome Public Schools,6.0,1813.0,1990.0,3530.8333333333335,0.8351973982829379,0.0
Norman Rockwell Elem School,3.0,1171.0,1220.0,685.0,0.8482594982334931,0.0
North Bend School District 13,2.0,1520.0,1598.0,3971.75,0.8305441454649803,0.0
North County Joint Union School District,2.0,54.0,2038.0,1696.0,0.007378262506722576,0.0
North Creek High School,0.0,0.0,1371.0,0.0,1.0,0.0
North Douglas School District 22,1.0,4.0,348.0,328.37,0.33013097557834153,0.0
North Elementary School,0.0,0.0,569.0,0.0,1.0,0.0
North Mason School District 403,4.0,963.0,2142.0,100.0,0.2038890436007415,0.0
North Star Online School,0.0,0.0,560.0,0.0,1.0,0.0
North Tapps Middle School,3.0,348.0,483.0,40792.153333333335,0.7159380849874087,0.0
North Valleys High School,15.0,1687.0,2012.0,2419.4166666666665,0.5568268251126157,0.0
North Wasco County School District 21,0.0,0.0,374.0,0.0,1.0,0.0
Northgate Elementary School,2.0,189.0,1949.0,401.0,0.040332044824570694,0.0
Northshore School District 417,61.0,2067.0,2165.0,19659.77524590164,0.7877407867509698,1.0
Northwest ESD 189,9.0,1441.0,1520.0,4892.388888888889,0.8783016965331716,0.0
Northwest School for the Hearing-Impaired Children,0.0,0.0,64.0,0.0,1.0,0.0
Nyssa Elementary School,1.0,1217.0,2066.0,677.06,0.6917234940041309,0.0
O'Brien Middle School,3.0,1988.0,2089.0,5011.0,0.844074533907083,0.0
OETC,2.0,575.0,1122.0,300996.335,0.5584692360029567,0.0
Oakland Bay Junior High School,11.0,337.0,2122.0,5768.0,8.666163849572416e-08,0.0
Oakland International High School,0.0,0.0,806.0,0.0,1.0,0.0
Oakland Unified School District,0.0,0.0,1890.0,0.0,1.0,0.0
Oakview Community Elementary School,0.0,0.0,1683.0,0.0,1.0,0.0
Odyssey Charter School,4.0,1379.0,2024.0,6110.25,0.5893431683766754,0.0
Odyssey Elementary School,1.0,15.0,1821.0,350.0,0.0642055172640129,0.0
Ojai Unified School District,2.0,50.0,2184.0,547.5,0.005860006707061126,0.0
Old Redmond Schoolhouse Community Center,2.0,448.0,526.0,12350.0,0.7979321422764367,0.0
Olympia High School,1.0,78.0,157.0,13110.0,0.7254966259078546,0.0
Olympia School District,1.0,110.0,617.0,88.2,0.4255955300357816,0.0
Olympia School District 111,2.0,1001.0,1795.0,439.565,0.5906015035287729,0.0
Olympic Continuation High School,0.0,0.0,1899.0,0.0,1.0,0.0
Olympic View Middle School,6.0,339.0,1525.0,8936.458333333334,0.0017229550408304894,0.0
Open Window School,8.0,1074.0,1228.0,1190.75,0.789756396159294,0.0
Orange Unified School District,0.0,0.0,1290.0,0.0,1.0,0.0
Orcas Island School District 137,1.0,493.0,962.0,4180.0,0.6632024753113495,0.0
Oregon College of Art and Craft,0.0,0.0,934.0,0.0,1.0,0.0
Othello School District 147,1.0,33.0,1919.0,1999.0,0.07443862877333957,0.0
Our Lady of Fatima School,3.0,393.0,507.0,6328.933333333333,0.7541038215417822,0.0
Our Lady of Guadalupe,0.0,0.0,134.0,0.0,1.0,0.0
Our Lady of Guadalupe School,0.0,0.0,1675.0,0.0,1.0,0.0
Our Lady of Lourdes,1.0,94.0,269.0,4400.0,0.6367660947977024,0.0
Our Lady of the Lake Catholic School,13.0,2023.0,2102.0,2943.496923076923,0.9021283434229513,0.0
Oxnard School District,45.0,2014.0,2185.0,19570.60111111111,0.552025113972323,0.0
Pachappa Elementary School,2.0,667.0,1934.0,2274.5,0.3311517594260346,0.0
Pacheco High School,8.0,1630.0,1955.0,1444.75,0.7132424578020269,0.0
Page Private School,0.0,0.0,1127.0,0.0,1.0,0.0
Palm Lane Charter School,2.0,21.0,94.0,17379.0,0.6126523600829048,0.0
Palm Springs USD,0.0,0.0,983.0,0.0,1.0,0.0
Palmdale High School,9.0,513.0,1052.0,16100.734444444446,0.026875409204982208,0.0
Palmdale School District,1.0,28.0,499.0,1549.0,0.3090888150397065,0.0
Palmer Way Elementary School,0.0,0.0,863.0,0.0,1.0,0.0
Palmyra Elementary School,0.0,0.0,2061.0,0.0,1.0,0.0
Paraba College of Cosmetology,0.0,0.0,1387.0,0.0,1.0,0.0
Park Place Middle School,0.0,0.0,864.0,0.0,1.0,0.0
Parkrose School District 3,0.0,0.0,1952.0,0.0,1.0,0.0
Paroba College,0.0,0.0,1323.0,0.0,1.0,0.0
Pathfinder Kinder Center,2.0,184.0,1347.0,2292.5,0.08648747553829414,0.0
Pathways Community School,0.0,0.0,1249.0,0.0,1.0,0.0
Pau-Wa-Lu Middle School,1.0,220.0,2166.0,450.0,0.20704986967096234,0.0
Peavine Elementary School,8.0,1095.0,1336.0,1492.5,0.6918630082793031,0.0
Peninsula School District 401,2.0,52.0,153.0,10535.0,0.5944804427844979,0.0
Perris High School,0.0,0.0,913.0,0.0,1.0,0.0
Perris Union High School District,6.0,214.0,1442.0,19501.0,0.0002613821651896711,0.0
Pershing Co Middle School,0.0,0.0,2124.0,0.0,1.0,0.0
Pershing Continuation High School,0.0,0.0,1954.0,0.0,1.0,0.0
Pershing County School District,15.0,994.0,2137.0,1301.8,0.0002470447281945042,0.0
Pershing Elementary School,0.0,0.0,1974.0,0.0,1.0,0.0
Peter Kirk Elementary School,4.0,1141.0,1598.0,31411.25,0.6401156188344554,0.0
Phelan Elementary School,0.0,0.0,1570.0,0.0,1.0,0.0
Philadelphia Insurance Company,0.0,0.0,1030.0,0.0,1.0,0.0
Philomath School District 17J,0.0,0.0,710.0,0.0,1.0,0.0
Picnic Point Elementary School,2.0,727.0,1926.0,337.5,0.3760358010394714,0.0
Pierce Joint Unified School District,1.0,26.0,1198.0,144.0,0.12318805674403976,0.0
Pinewood Elementary School,2.0,247.0,2171.0,965.0,0.04933312876141392,0.0
Pioneer Elementary School,0.0,0.0,1436.0,0.0,1.0,0.0
Pioneer Peak Elementary School,0.0,0.0,2166.0,0.0,1.0,0.0
Pioneer Union School District,19.0,1986.0,2024.0,2214.6315789473683,0.9346039017561493,0.0
Pleasant Valley Elementary School,3.0,410.0,1708.0,1794.0,0.0714863706916289,0.0
Pocatello School District,0.0,0.0,2166.0,0.0,1.0,0.0
Pollock Pines Elementary School District,0.0,0.0,1938.0,0.0,1.0,0.0
Poly High School,5.0,392.0,1928.0,1005.4,0.0032872763013374303,0.0
Pomona Catholic,2.0,234.0,668.0,3137.0,0.4063534437883165,0.0
Pope John Paul II High School,10.0,1778.0,1788.0,4911.9,0.9219208739035678,0.0
Port Angeles School District 121,2.0,1217.0,1339.0,422.025,0.8155985451011342,0.0
Portland State University,0.0,0.0,1695.0,0.0,1.0,0.0
Post Middle School,1.0,722.0,913.0,6000.0,0.7732377000565477,0.0
Price Elementary School,0.0,0.0,1480.0,0.0,1.0,0.0
Promethean Inc.,1.0,14.0,36.0,440.0,0.7776772117315662,0.0
Puyallup School District 3,5.0,1584.0,1808.0,24329.15,0.8037768464223236,0.0
Quail Valley Middle School,2.0,328.0,1533.0,3333.5,0.16542276676222215,0.0
Quartz Hill High School,7.0,686.0,1183.0,11139.151428571427,0.1976521430966307,0.0
Quil Ceda Elementary School,0.0,0.0,2171.0,0.0,1.0,0.0
Quilcene School District 48,2.0,249.0,335.0,7998.0,0.7595994104157489,0.0
R. Rex Parris Continuation School,4.0,764.0,1205.0,8890.99,0.5318431464771842,0.0
R.M. Miano Elementary School,7.0,1161.0,2151.0,849.2857142857143,0.11354967816930993,0.0
Rachel Carson Elem School,1.0,187.0,1036.0,650.0,0.37744628637294253,0.0
Rainier School District 307,2.0,36.0,507.0,13483.5,0.1073082119637596,0.0
Rainier View Elementary School,1.0,354.0,1785.0,2117.5,0.3649774223793035,0.0
Ramona Elementary School,3.0,601.0,1386.0,2851.2666666666664,0.31729587110878155,0.0
Ramona High School,15.0,679.0,1928.0,4347.893333333333,5.600660312853779e-06,0.0
Ranchos Middle School,0.0,0.0,647.0,0.0,1.0,0.0
Raymond Elementary School,2.0,196.0,1613.0,500.0,0.06490166552327023,0.0
Raymond School District 116,6.0,951.0,1428.0,1163.3416666666667,0.44093561392326486,0.0
Redington Sr Jr/Sr High School,0.0,0.0,1940.0,0.0,1.0,0.0
Redlands Unified School District,0.0,0.0,1219.0,0.0,1.0,0.0
Redmond Elementary School,9.0,1491.0,1900.0,2827.1111111111113,0.5688689072461038,0.0
Redmond High School,11.0,1875.0,1891.0,6360.636363636364,0.9240881193541217,0.0
Redmond Middle School,5.0,1918.0,1920.0,6936.0,0.8898368182931841,0.0
Redwood Middle School,0.0,0.0,2163.0,0.0,1.0,0.0
Reed Union School District,6.0,794.0,1242.0,19828.166666666668,0.3895510569398499,0.0
Regis High School,0.0,0.0,1879.0,0.0,1.0,0.0
Renton School District 403,13.0,1731.0,1768.0,243625.54,0.9201423425663527,0.0
Renton Technical College,12.0,1971.0,2183.0,2774.16,0.8078541376682907,0.0
Rialto Unified School District,0.0,0.0,983.0,0.0,1.0,0.0
Rio Vista High School,0.0,0.0,1924.0,0.0,1.0,0.0
Rio Vista Middle School,7.0,1097.0,2155.0,711.1285714285714,0.0787328962162813,0.0
Ripon Christian Schools,7.0,1425.0,1988.0,4972.857142857143,0.4836655759243244,0.0
Rita Cannan Elementary School,5.0,1002.0,1996.0,965.24,0.19257141206659978,0.0
River Bluff Elementary School,3.0,2142.0,2178.0,10422.266666666668,0.8578255329117542,0.0
Riverside Adult School,1.0,21.0,1781.0,2509.0,0.07126432096530604,0.0
Riverside STEM Academy,0.0,0.0,1800.0,0.0,1.0,0.0
Riverside Unified School District,3.0,1213.0,1893.0,581.0,0.5996924065686705,0.0
Riverview Elementary School,3.0,1214.0,1969.0,6391.666666666667,0.5688446141611366,0.0
Riverview Middle School,6.0,504.0,1820.0,63633.333333333336,0.004765977406432475,0.0
Riverview School District 407,2.0,457.0,2012.0,3495.0,0.1691224791652973,0.0
Robert Frost Elementary School,6.0,1795.0,1907.0,1420.0,0.8610784354892222,0.0
Robert Mcqueen High School,2.0,1073.0,1768.0,1542.0,0.636053048462117,0.0
Robert Mitchell Elementary School,7.0,1807.0,2060.0,4983.142857142857,0.7951744169228246,0.0
Robertson High School,9.0,1582.0,2142.0,2915.8877777777775,0.4308374216011264,0.0
Rock Creek Elem School,0.0,0.0,2134.0,0.0,1.0,0.0
Roger Corbett Elementary School,3.0,416.0,2162.0,1037.8666666666666,0.03559692993253644,0.0
Rollan Melton Elementary School,4.0,1197.0,1766.0,850.05,0.5870320384151405,0.0
Romig Middle School,1.0,101.0,2078.0,140.0,0.12034787777969155,0.0
Ronald Regan Elementary School,0.0,0.0,422.0,0.0,1.0,0.0
Roosevelt Elementary School,15.0,1532.0,2177.0,905.6046666666666,0.08704124528931871,0.0
Rosa Parks Elementary,1.0,362.0,1267.0,20150.0,0.48502122532366765,0.0
Rosalia School,1.0,63.0,2016.0,2960.0,0.09361762173911889,0.0
Rose Avenue Elementary School,3.0,698.0,2029.0,2109.0,0.17366706020749278,0.0
Rose Hill Elementary School,5.0,1868.0,1917.0,941.6,0.876511319733613,0.0
Rose Hill Junior High School,10.0,2053.0,2081.0,1712.0,0.915974266531321,0.0
Rosen Family Preschool,1.0,7.0,1213.0,500.0,0.09612982805163096,0.0
Rowland Unified School District,1.0,69.0,1919.0,1650.0,0.1047109285771788,0.0
Roy H Gomm Elementary School,9.0,1336.0,2155.0,1135.7433333333333,0.1373074004579116,0.0
Ruch Elementary School,3.0,782.0,1995.0,4597.333333333333,0.23966863841297853,0.0
"SBI Contracting, Inc",0.0,0.0,1827.0,0.0,1.0,0.0
SIERRA LINDA Elementary School,2.0,1183.0,2150.0,797.5,0.5797879590294913,0.0
SOAR High School,6.0,466.0,1330.0,18072.626666666667,0.020711104687360097,0.0
Sacramento City Unified School District,0.0,0.0,1675.0,0.0,1.0,0.0
Sacred Heart Catholic School,16.0,1463.0,1526.0,8776.78125,0.9020587661850129,0.0
Sacred Heart Schools - Atherton,0.0,0.0,1339.0,0.0,1.0,0.0
Saint Mary Catholic School,0.0,0.0,72.0,0.0,1.0,0.0
Salem Woods Elementary School,10.0,1497.0,1940.0,2543.05,0.4877665994068024,0.0
Samantha Smith Elementary School,2.0,768.0,1553.0,352.0,0.5285617315945574,0.0
Samish Indian Nation,1.0,33.0,140.0,1162.0,0.6504109924742106,0.0
Sams Valley Elementary School,2.0,138.0,2072.0,2625.0,0.02168991103634401,0.0
San Andreas High School,0.0,0.0,1302.0,0.0,1.0,0.0
San Benito County Office of Education,1.0,98.0,2017.0,330.0,0.12229435868170094,0.0
San Joaquin Elementary School,1.0,44.0,2158.0,990.0,0.07188756033362131,0.0
San Jose Job Corps Center,5.0,820.0,2046.0,333.4,0.07198223167197568,0.0
San Juan Island School District 149,0.0,0.0,1801.0,0.0,1.0,0.0
San Juan Unified School District,1.0,238.0,2038.0,899.0,0.23571160126870758,0.0
San Luis High (continuation),2.0,548.0,1137.0,2249.5,0.525789545114849,0.0
San Mateo-Foster City School District,1.0,2.0,2082.0,1588.0,0.044870167812531926,0.0
Santa Rosa City Schools,0.0,0.0,917.0,0.0,1.0,0.0
Saroyan Elementary School,14.0,1132.0,2170.0,3400.35,0.002197945112676919,0.0
Sciex,2.0,143.0,1235.0,5638.05,0.0719567378579157,0.0
Seattle Academy Of Arts & Sciences,1.0,97.0,1766.0,489.0,0.142451275770487,0.0
Seattle Country Day School,11.0,1050.0,1164.0,15917.59090909091,0.8175864421600383,0.0
Seattle Hill Elementary School,1.0,17.0,766.0,1200.0,0.18406663373650164,0.0
Seattle Preparatory School,21.0,1704.0,2117.0,4132.275714285714,0.20568892275933637,0.0
Seattle School of Behavior Consulting,0.0,0.0,1472.0,0.0,1.0,0.0
Selah School District 119,1.0,21.0,528.0,878.85,0.27619637618661436,0.0
Selby Lane School,0.0,0.0,1773.0,0.0,1.0,0.0
Seneca Elementary School,0.0,0.0,1291.0,0.0,1.0,0.0
Sequoia Middle School,3.0,302.0,1884.0,195.91333333333333,0.02349870567597772,0.0
Serrano Elementary School,0.0,0.0,1291.0,0.0,1.0,0.0
Serrano High School,13.0,542.0,1487.0,6870.153846153846,6.803744597425815e-05,0.0
Shadow Lake Elem School,1.0,108.0,1938.0,599.0,0.13703264707173266,0.0
Shelby Public SD #14,0.0,0.0,842.0,0.0,1.0,0.0
Shelton School District 309,26.0,2024.0,2173.0,38684.846153846156,0.8135151995957809,0.0
Sheridan Elementary School,1.0,16.0,2150.0,877.4,0.05238527637155501,0.0
Shore Acres Elementary School,7.0,399.0,1694.0,1030.0,0.0006349397129075322,0.0
Shoreline Christian School,0.0,0.0,330.0,0.0,1.0,0.0
Shoreline School District 412,10.0,2093.0,2143.0,17452.142,0.9078659208219688,0.0
Shoultes Elementary School,1.0,795.0,1911.0,425.0,0.5870064957758155,0.0
Sierra Middle School,4.0,479.0,1690.0,10997.25,0.04325248673084701,0.0
Sierra Ridge Middle School,0.0,0.0,1900.0,0.0,1.0,0.0
Sierra View Elementary,3.0,1509.0,2072.0,1425.0,0.6925882035253937,0.0
Sierra Vista Elementary,5.0,1358.0,2170.0,787.4,0.417825071442036,0.0
Sierra Vista High School,3.0,650.0,1743.0,491.0,0.2180948601775197,0.0
Silver Hills Elementary School,0.0,0.0,127.0,0.0,1.0,0.0
Silver Lake Elementary School,9.0,1583.0,2039.0,1965.5755555555556,0.543330431453618,0.0
Silver Stage Elementary School,19.0,2063.0,2185.0,3435.1052631578946,0.8743720912879297,0.0
Silver Stage Middle School,0.0,0.0,497.0,0.0,1.0,0.0
Silverland Middle School,2.0,574.0,976.0,39633.0,0.6331140224257803,0.0
Simplex Grinnell (Dist 463),1.0,118.0,2123.0,42.0,0.13069688060347187,0.0
Skagit Valley College,0.0,0.0,2011.0,0.0,1.0,0.0
Sky Ranch Middle School,2.0,533.0,680.0,5785.95,0.7660568144861377,0.0
Skycrest Elementary,0.0,0.0,624.0,0.0,1.0,0.0
Skyline Communications,0.0,0.0,1096.0,0.0,1.0,0.0
Smith Valley Elementary School,2.0,971.0,1548.0,2851.0,0.6552033038981653,0.0
Smithridge Elementary School,3.0,1032.0,1434.0,13125.666666666666,0.6891612835080465,0.0
Sno-Isle Tech Skills Center,4.0,2109.0,2137.0,28863.75,0.8726418991381091,0.0
Snohomish County PUD,4.0,1376.0,1525.0,3116.9,0.8249261002066117,0.0
Snohomish High School,0.0,0.0,612.0,0.0,1.0,0.0
Snohomish School District 201,10.0,691.0,904.0,7888.325,0.5004718814556058,0.0
Snowline Joint Unified School District,10.0,1301.0,1576.0,2645.25,0.6544211335051976,0.0
Snowline Virtual School,0.0,0.0,1395.0,0.0,1.0,0.0
Soria Elementary,1.0,72.0,1955.0,212.9,0.10485473693204889,0.0
Sound Electronics,0.0,0.0,598.0,0.0,1.0,0.0
South Bay Union School District,2.0,85.0,1926.0,4704.0,0.013534173943095973,0.0
South Wasco County School District 1,2.0,1231.0,1282.0,24910.5,0.8337662950574938,0.0
South Whidbey School District 206,4.0,539.0,1281.0,13193.305,0.18419940497572787,0.0
Southern Kern Unified School District,2.0,19.0,57.0,50899.0,0.7244636682445816,0.0
Southern Oregon University,1.0,70.0,1722.0,3850.0,0.12052749070860191,0.0
Spanaway Lake High School,1.0,182.0,471.0,995.0,0.6183008592193656,0.0
Spanish Springs Elementary School,20.0,1509.0,2072.0,3129.35,0.042408144100638416,0.0
Spanish Springs High School,19.0,1608.0,2162.0,3176.75,0.07714695483134812,0.0
Sparks High School,6.0,1408.0,1417.0,5194.333333333333,0.8964074983260735,0.0
Sparks Middle School,6.0,1691.0,1701.0,1892.3333333333333,0.8966418754388699,0.0
Sprague School District 8,0.0,0.0,246.0,0.0,1.0,0.0
Spring Grove School,2.0,288.0,1864.0,320.0,0.08951476535972384,0.0
Spring Hill Elementary School,1.0,34.0,2158.0,1980.0,0.06469038635726827,0.0
St Albans Country Day School,1.0,2.0,2151.0,99.0,0.04297007276965685,0.0
St Ignatius School,0.0,0.0,1472.0,0.0,1.0,0.0
St Joseph School - Snoqualmie,0.0,0.0,1179.0,0.0,1.0,0.0
St Luke School,0.0,0.0,91.0,0.0,1.0,0.0
St. Albert the Great Catholic School,0.0,0.0,2093.0,0.0,1.0,0.0
St. Alphonsus Parish School,1.0,47.0,1938.0,1197.0,0.08496662786508902,0.0
St. Anselm School,1.0,29.0,535.0,2860.0,0.2935869516158366,0.0
St. Brendan Parish School,4.0,1624.0,1781.0,7086.125,0.8307372907298141,0.0
St. Frances Cabrini Catholic School,13.0,2084.0,2122.0,9751.797692307691,0.9228560257288918,0.0
St. Francis of Assisi,2.0,79.0,1990.0,925.0,0.011528394741166091,0.0
St. Joseph Parish School,2.0,84.0,156.0,8688.5,0.7012589759139962,0.0
St. Joseph School,4.0,1714.0,2135.0,1067.75,0.740320931787993,0.0
St. Louise Parish School,6.0,510.0,1667.0,12713.833333333334,0.008680386049800488,0.0
St. Mark's Lutheran School,2.0,393.0,1235.0,1131.5,0.3170786413222256,0.0
St. Mary Magdalen,5.0,978.0,2170.0,404.0,0.12013692144779971,0.0
St. Mary's of Medford,3.0,628.0,2143.0,423.32666666666665,0.11287920201520821,0.0
St. Monica Parish School,1.0,40.0,154.0,1500.0,0.649255002808665,0.0
St. Patrick Catholic Church and School,3.0,1582.0,1739.0,14001.333333333334,0.8239008712501992,0.0
St. Paul Parish School,1.0,730.0,1891.0,2586.0,0.5635683252070821,0.0
St. Paul Parochial School,1.0,63.0,1991.0,165.0,0.09509436700351047,0.0
St. Paul School District 45,0.0,0.0,1491.0,0.0,1.0,0.0
St. Paul's School,5.0,175.0,2018.0,1496.8,9.890548686098965e-05,0.0
St. Philomena Catholic School,0.0,0.0,2018.0,0.0,1.0,0.0
St. Thomas School,3.0,122.0,1952.0,19077.826666666668,0.002545007225982357,0.0
St. Vincent de Paul School Federal Way,2.0,722.0,1884.0,694.5,0.3846366741505675,0.0
Stanwood-Camano School District 401,0.0,0.0,1282.0,0.0,1.0,0.0
Starbuck School District 35,2.0,397.0,2185.0,104.5,0.11201450454112898,0.0
Starbucks Minden,3.0,306.0,1938.0,2506.0,0.02220457663590504,0.0
Stead Elementary School,2.0,126.0,2185.0,1836.0,0.016845977430733905,0.0
Steilacoom High School,0.0,0.0,281.0,0.0,1.0,0.0
Steilacoom Historical School District 1,0.0,0.0,64.0,0.0,1.0,0.0
Steinbeck Elementary,2.0,89.0,2143.0,1718.0,0.011167892145792961,0.0
Stephens Elementary School,3.0,202.0,699.0,9430.0,0.17051106808970548,0.0
Stillwater Elementary School,2.0,1521.0,1760.0,905.0,0.7968421364094473,0.0
Summit Trail Middle School,2.0,56.0,1094.0,600.0,0.03129633653492092,0.0
Sumner-Bonney Lake School District 320,4.0,607.0,896.0,31798.5,0.6073744877517984,0.0
Sun Valley Elementary School,7.0,1450.0,2149.0,3012.0,0.3776890128698857,0.0
Sunnycrest Elementary School,0.0,0.0,1932.0,0.0,1.0,0.0
Sunnymead Elementary,0.0,0.0,1291.0,0.0,1.0,0.0
Sunnyside Union Elementary School District,0.0,0.0,766.0,0.0,1.0,0.0
Sunrise Elem School,0.0,0.0,1828.0,0.0,1.0,0.0
Sunset Elementary School,11.0,1127.0,2159.0,682.4545454545455,0.011633580339199878,0.0
Sutherlin School District 130,0.0,0.0,469.0,0.0,1.0,0.0
Sutro Elementary School,16.0,1769.0,2009.0,3289.6875,0.7061266737002171,0.0
Sutter Middle School,0.0,0.0,1722.0,0.0,1.0,0.0
Swope Middle School,2.0,437.0,920.0,1043.05,0.5278019425275153,0.0
Sybil Crookham Elementary School,5.0,778.0,2005.0,1178.4,0.06246115128428607,0.0
Tacoma School District 10,12.0,595.0,2150.0,2917.5833333333335,5.525580169301876e-06,0.0
Tahoma Elementary School,0.0,0.0,1094.0,0.0,1.0,0.0
Tahoma Junior High School,8.0,777.0,2107.0,955.5,0.004125136408790686,0.0
Tahoma Middle School,3.0,334.0,2072.0,599.0,0.022543601724689888,0.0
Tahoma School District 409,17.0,1037.0,2165.0,2110.3529411764707,0.00010235903965392352,0.0
Tahoma Senior High School,6.0,592.0,2107.0,798.6666666666666,0.004715410926184093,0.0
Teague Elementary,4.0,144.0,2177.0,10086.795,0.00029255498247419785,0.0
Ted Brown Music,1.0,12.0,825.0,87.0,0.16035663663359406,0.0
Ted Hunsberger Elementary School,4.0,1172.0,2033.0,781.325,0.4173734174072257,0.0
Tenet Health,0.0,0.0,1618.0,0.0,1.0,0.0
Tenino High School,0.0,0.0,496.0,0.0,1.0,0.0
Tenino Middle School,0.0,0.0,496.0,0.0,1.0,0.0
Tenino School District 402,0.0,0.0,16.0,0.0,1.0,0.0
Tenth Street School,0.0,0.0,2157.0,0.0,1.0,0.0
Terrebonne Cmty School,0.0,0.0,1731.0,0.0,1.0,0.0
The Evergreen School,0.0,0.0,876.0,0.0,1.0,0.0
The Goddard School Issaquah,2.0,937.0,1582.0,794.5,0.6252584335443133,0.0
The Goddard School Snohomish,0.0,0.0,1069.0,0.0,1.0,0.0
The Goddard School Sparks NV,2.0,478.0,1220.0,2362.0,0.4153503050420873,0.0
The Landing School,0.0,0.0,113.0,0.0,1.0,0.0
The Northwest School,7.0,438.0,535.0,6450.428571428572,0.7370566597619301,0.0
The Valley School,0.0,0.0,107.0,0.0,1.0,0.0
Thirkill Elementary,1.0,196.0,2109.0,229.45,0.19422611745204682,0.0
Thomas Kelly Elementary School,0.0,0.0,1655.0,0.0,1.0,0.0
Thousand Oaks High School,0.0,0.0,2145.0,0.0,1.0,0.0
Tillamook High School,0.0,0.0,988.0,0.0,1.0,0.0
Tillamook Jr High School,0.0,0.0,1897.0,0.0,1.0,0.0
Tillamook School District 9,10.0,2123.0,2159.0,5094.727000000001,0.9134010515747328,0.0
Timberline Middle School,2.0,155.0,654.0,40375.0,0.2650287917309383,0.0
Today's Fresh Start Charter School,3.0,140.0,1297.0,8905.666666666666,0.012682525806948461,0.0
Torrance Unified School District,1.0,5.0,348.0,2499.0,0.33356757887807204,0.0
Totem Middle School,5.0,1121.0,2143.0,1106.328,0.22434063480906985,0.0
Toutle Lake School District 130,0.0,0.0,122.0,0.0,1.0,0.0
Tranquillity Elementary School,1.0,373.0,2166.0,297.0,0.31848011758288736,0.0
Tranquillity High School,9.0,629.0,2162.0,4990.777777777777,0.0002378761427025547,0.0
Transact Communications,0.0,0.0,1515.0,0.0,1.0,0.0
Transition Academy,1.0,651.0,745.0,3000.0,0.7956991069998045,0.0
Tribal Youth Education Program,0.0,0.0,2.0,0.0,1.0,0.0
"Triumph Electric, Inc.",2.0,74.0,1280.0,24865.0,0.029223148137164187,0.0
Tukwila Elementary School,0.0,0.0,457.0,0.0,1.0,0.0
Tukwila School District 406,19.0,2072.0,2170.0,3741.086842105263,0.8956739997298651,0.0
Tumwater Police Department,0.0,0.0,2170.0,0.0,1.0,0.0
Tuolumne County Superintendent of Schools,0.0,0.0,1899.0,0.0,1.0,0.0
Turnagain Elementary School,0.0,0.0,1888.0,0.0,1.0,0.0
Turning Point,4.0,1068.0,1889.0,1237.5,0.40038636223715607,0.0
Twain Harte School District,1.0,41.0,2029.0,2200.0,0.07546836983658642,0.0
U.S. Air Force,0.0,0.0,962.0,0.0,1.0,0.0
USDA Forest Service,0.0,0.0,1386.0,0.0,1.0,0.0
"USS Cal Builders, Inc",0.0,0.0,1031.0,0.0,1.0,0.0
University Heights Middle School,9.0,824.0,2163.0,2016.4444444444443,0.0022885053725879836,0.0
University of Alaska Anchorage,0.0,0.0,1614.0,0.0,1.0,0.0
University of California Davis - Medical Center,0.0,0.0,896.0,0.0,1.0,0.0
University of Nevada Reno,4.0,1412.0,1995.0,1180.5,0.6275124255418139,0.0
University of Oregon,0.0,0.0,1441.0,0.0,1.0,0.0
University of Washington,0.0,0.0,1436.0,0.0,1.0,0.0
Val Verde Unified School District,0.0,0.0,959.0,0.0,1.0,0.0
Valhalla Elementary School,0.0,0.0,1599.0,0.0,1.0,0.0
Valley View Middle School,0.0,0.0,959.0,0.0,1.0,0.0
Vasko Electric,0.0,0.0,1592.0,0.0,1.0,0.0
Verdi Elementary School,3.0,560.0,2075.0,952.8133333333334,0.09124546422665927,0.0
Veterans Memorial Elementary School,5.0,1788.0,2043.0,2131.02,0.8022872088315671,0.0
Victor Valley Community College College,1.0,254.0,1319.0,228.0,0.37508372792017836,0.0
Victory Academy,5.0,1911.0,2018.0,4903.2,0.8594371807028903,0.0
Villa Academy,0.0,0.0,493.0,0.0,1.0,0.0
Virginia Palmer Elem School,5.0,1900.0,2141.0,13263.2,0.8132930187832043,0.0
Vista Verde Elementary School,8.0,713.0,1219.0,7228.125,0.1470040852112304,0.0
Volta Elementary School,1.0,1904.0,2166.0,1099.0,0.7947786300039059,0.0
Volunteers of America,4.0,457.0,1976.0,342.5,0.019169072496779467,0.0
Voyager Middle School,5.0,566.0,1883.0,2191.0,0.01966027907309637,0.0
WTC - Virtual Edge Technology,0.0,0.0,1752.0,0.0,1.0,0.0
Walker Elementary School,2.0,709.0,2159.0,2354.0,0.3039213418721266,0.0
Walla Walla Community College,4.0,875.0,969.0,14534.887499999999,0.8273596603544227,0.0
Walla Walla School District,19.0,1660.0,2089.0,1515.192105263158,0.22207571957491792,0.0
Walnut Canyon Elementary School,0.0,0.0,2096.0,0.0,1.0,0.0
Walt Tyler Elementary School,1.0,39.0,2016.0,660.0,0.0745283177020444,0.0
Washington Intermediate School,1.0,27.0,1448.0,290.0,0.09913947066127994,0.0
Washington Middle School,2.0,131.0,1899.0,635.0,0.0245659126370972,0.0
Washington Preparatory School,0.0,0.0,490.0,0.0,1.0,0.0
Washington Unified School District,1.0,233.0,2137.0,4950.0,0.22021059724596678,0.0
Washoe County School District,79.0,2059.0,2173.0,13749.620253164558,0.5443178315885709,1.0
Washoe County Schools,1.0,3.0,318.0,1005.0,0.3497014268710643,0.0
Washoe County Social Services,2.0,157.0,1788.0,4291.0,0.03670399854801594,0.0
Washoe Innovations High School,5.0,457.0,2179.0,2369.4,0.0034612342524606146,0.0
Washoe Inspire Academy,7.0,1150.0,1745.0,4818.571428571428,0.347151259545709,0.0
Washougal School District 112-6,0.0,0.0,1177.0,0.0,1.0,0.0
Wedgewood Elementary School,0.0,0.0,1912.0,0.0,1.0,0.0
Wellington Christian Academy,0.0,0.0,1854.0,0.0,1.0,0.0
West Covina Unified School District,0.0,0.0,1338.0,0.0,1.0,0.0
Westlake Elementary School,2.0,257.0,1821.0,2274.5,0.07762062764305555,0.0
Westlake High School,1.0,49.0,2173.0,3425.0,0.07486698577417064,0.0
Weston County School District #1,6.0,1295.0,1779.0,351.06333333333333,0.5654124168654787,0.0
Westside Union Elementary School,1.0,2154.0,2177.0,6096.0,0.8202243964040713,0.0
Whatcom Discovery Center,3.0,1070.0,1955.0,2564.6666666666665,0.47427242866129393,0.0
White River School District 416,4.0,371.0,532.0,21925.65,0.656104864369279,0.0
Whitman Middle School,1.0,330.0,1843.0,515.48,0.33659438565653943,0.0
Wildwood Elementary School,0.0,0.0,128.0,0.0,1.0,0.0
Wilkinson Electric Inc.,0.0,0.0,871.0,0.0,1.0,0.0
Wilson Creek School District,0.0,0.0,70.0,0.0,1.0,0.0
Wilson Elementary School,11.0,1169.0,2122.0,765.5454545454545,0.020563807844199214,0.0
Wilson Middle School,3.0,883.0,1352.0,9386.333333333334,0.6213674240549665,0.0
Winfield Elementary School,11.0,1008.0,1990.0,1196.6818181818182,0.008779443010337739,0.0
Winnemucca Elementary School,4.0,924.0,1584.0,4309.75,0.43776348092579803,0.0
Winton Middle School,11.0,1153.0,2135.0,1007.6363636363636,0.016673992622802065,0.0
Winton School District,4.0,1068.0,1897.0,19504.5,0.39608513165253634,0.0
Woodinville High School,0.0,0.0,1332.0,0.0,1.0,0.0
Woodland School District 404,9.0,1796.0,2141.0,205.44444444444446,0.7035487042402155,0.0
XIT Solutions,13.0,715.0,990.0,3849.6153846153848,0.22415004906556396,0.0
Yerington Elementary School,7.0,1711.0,1920.0,12006.142857142857,0.8132283591025172,0.0
Yerington High School,2.0,28.0,1907.0,2812.0,0.005283342955075013,0.0
Yerington Intermediate School,0.0,0.0,834.0,0.0,1.0,0.0
Yvonne Shaw Middle School,9.0,1667.0,2116.0,1778.2777777777778,0.5746990958320226,0.0
